Type,RecordedAt,Payload.ID,Payload.SentAt,Payload.UndeliveredAt,Payload.DeliveredAt,Payload.OpenedAt,Payload.ClickedAt,Payload.SubmittedAt,Payload.EmailID
EmailLinkClicked,2021-01-03T11:55:46Z,e0ac8b23-2706-4608-bb1b-f03e95dea94f,,,,,2021-01-03T11:55:46Z,,
EmailLinkClicked,2021-01-05T09:49:01Z,d4cc65a4-6ef3-46a4-a2ba-6113e2d7daf3,,,,,2021-01-05T09:49:01Z,,
EmailLinkClicked,2021-01-05T11:28:13Z,c38688a1-a3fb-424d-8457-98af8ee03b7c,,,,,2021-01-05T11:28:13Z,,
EmailLinkClicked,2021-01-05T12:14:36Z,5826f852-5aae-4b76-99e1-c5202dc84aee,,,,,2021-01-05T12:14:36Z,,
EmailLinkClicked,2021-01-07T11:20:36Z,c5da1355-2da6-42d3-a9ce-459e6f84637d,,,,,2021-01-07T11:20:36Z,,
EmailLinkClicked,2021-01-07T14:37:09Z,3ede98f8-21f2-41d2-9ed1-351a8c098e79,,,,,2021-01-07T14:37:09Z,,
EmailLinkClicked,2021-01-08T12:28:24Z,c4a85fa8-e3ae-49fa-9515-7e6bf3d42a43,,,,,2021-01-08T12:28:24Z,,
EmailLinkClicked,2021-01-08T14:43:06Z,5a5b7912-fc77-4d53-9494-8362bfc9c914,,,,,2021-01-08T14:43:06Z,,
EmailLinkClicked,2021-01-09T12:50:18Z,448ab14d-9d57-4e55-b685-9f9c3cd8d8e4,,,,,2021-01-09T12:50:18Z,,
EmailLinkClicked,2021-01-09T18:05:17Z,f69fd386-4dc9-491f-9952-3bbfd0707965,,,,,2021-01-09T18:05:17Z,,
EmailLinkClicked,2021-01-11T12:15:52Z,423c8f9d-ce7e-4cc0-a29a-0cca9ac99f20,,,,,2021-01-11T12:15:52Z,,
EmailLinkClicked,2021-01-12T13:11:36Z,ac64385b-2da9-408a-a133-f492d2667236,,,,,2021-01-12T13:11:36Z,,
EmailLinkClicked,2021-01-12T13:15:29Z,f9f88cf9-d8f7-4158-ad84-da840018730e,,,,,2021-01-12T13:15:29Z,,
EmailLinkClicked,2021-01-13T11:03:08Z,a4cc612e-63bb-46f1-ba1a-4e7b06a3e983,,,,,2021-01-13T11:03:08Z,,
EmailLinkClicked,2021-01-13T11:29:01Z,003034ce-7047-41c0-8e4f-b5ebd560b9e5,,,,,2021-01-13T11:29:01Z,,
EmailLinkClicked,2021-01-13T13:31:57Z,b7b7c8e6-d585-4f4a-b8f2-0a24f0b6a783,,,,,2021-01-13T13:31:57Z,,
EmailLinkClicked,2021-01-13T17:19:02Z,ea098f3d-d136-4cf0-897c-6c78ab3ec602,,,,,2021-01-13T17:19:02Z,,
EmailLinkClicked,2021-01-14T12:08:34Z,a39abb65-6379-464a-840f-7fb1b0e29a05,,,,,2021-01-14T12:08:34Z,,
EmailLinkClicked,2021-01-15T09:07:13Z,5356441d-a055-42dd-8ff2-04d615523bc1,,,,,2021-01-15T09:07:13Z,,
EmailLinkClicked,2021-01-15T09:39:14Z,05cfba77-f67d-4ce0-a39a-a04c4285956a,,,,,2021-01-15T09:39:14Z,,
EmailLinkClicked,2021-01-15T11:13:36Z,4bdc3f70-ded1-4e17-bb95-5a4b8ff659fc,,,,,2021-01-15T11:13:36Z,,
EmailLinkClicked,2021-01-16T14:23:44Z,3333f4e5-1adc-4cd3-ba46-4ff2cdb5b509,,,,,2021-01-16T14:23:44Z,,
EmailLinkClicked,2021-01-17T14:27:51Z,98800be6-17e8-40b7-a3d3-c3e647db7699,,,,,2021-01-17T14:27:51Z,,
EmailLinkClicked,2021-01-19T11:27:34Z,294ee7ea-8467-4547-b94f-0fdcf21ff138,,,,,2021-01-19T11:27:34Z,,
EmailLinkClicked,2021-01-19T11:39:08Z,75cb7766-870a-484b-b549-fde86f75ee7a,,,,,2021-01-19T11:39:08Z,,
EmailLinkClicked,2021-01-19T12:11:56Z,87cc9052-9def-45f5-ad03-c4ae533c3a82,,,,,2021-01-19T12:11:56Z,,
EmailLinkClicked,2021-01-20T11:55:42Z,39bbd8cf-293a-4f85-961f-fea9e64f0d2f,,,,,2021-01-20T11:55:42Z,,
EmailLinkClicked,2021-01-21T13:43:05Z,6abf92fb-eb53-4ccf-b137-bb337b806c3f,,,,,2021-01-21T13:43:05Z,,
EmailLinkClicked,2021-01-22T10:51:57Z,1a1b958d-4839-40e4-b75d-930b5da6ce42,,,,,2021-01-22T10:51:57Z,,
EmailLinkClicked,2021-01-22T10:56:42Z,b55f2f35-4bdc-44b8-8661-92b806fdf457,,,,,2021-01-22T10:56:42Z,,
EmailLinkClicked,2021-01-22T13:42:44Z,da44752a-9929-448d-b517-19f1f9fdb74a,,,,,2021-01-22T13:42:44Z,,
EmailLinkClicked,2021-01-24T09:15:46Z,90ead584-5610-42f1-8d3a-7fec13a2d347,,,,,2021-01-24T09:15:46Z,,
EmailLinkClicked,2021-01-24T13:33:03Z,5535385b-6031-4bc7-a009-c86e2c9c690d,,,,,2021-01-24T13:33:03Z,,
EmailLinkClicked,2021-01-24T13:38:20Z,b354e4ab-bda2-467a-8e6e-3d40b47d7e60,,,,,2021-01-24T13:38:20Z,,
EmailLinkClicked,2021-01-25T13:49:20Z,57689245-0f16-425a-bb68-fd83f64f2678,,,,,2021-01-25T13:49:20Z,,
EmailLinkClicked,2021-01-26T11:57:02Z,802f6a1e-fcd0-4e06-b918-bb832906cf80,,,,,2021-01-26T11:57:02Z,,
EmailLinkClicked,2021-01-26T12:03:09Z,f875b943-351b-4861-88b6-e6a7c920440a,,,,,2021-01-26T12:03:09Z,,
EmailLinkClicked,2021-01-28T12:47:39Z,021049d3-223b-4fcf-86dd-17e7ae42f967,,,,,2021-01-28T12:47:39Z,,
EmailLinkClicked,2021-01-30T13:38:24Z,898c8592-8c28-42a7-aa46-5ae27c42d260,,,,,2021-01-30T13:38:24Z,,
EmailLinkClicked,2021-02-01T12:54:28Z,40d87fa9-af29-4478-9fb4-25e31951bd1f,,,,,2021-02-01T12:54:28Z,,
EmailLinkClicked,2021-02-01T13:52:39Z,148ccebd-3fd5-4fea-a5bb-0cef565e72c6,,,,,2021-02-01T13:52:39Z,,
EmailLinkClicked,2021-02-04T14:11:17Z,9350dbfc-7b77-466b-81de-ff99c521eabf,,,,,2021-02-04T14:11:17Z,,
EmailLinkClicked,2021-02-04T16:47:25Z,ab386158-750a-493f-8703-16f058fbe59d,,,,,2021-02-04T16:47:25Z,,
EmailLinkClicked,2021-02-05T10:44:42Z,a059ddba-0217-4834-935c-90eb0a8011b3,,,,,2021-02-05T10:44:42Z,,
EmailLinkClicked,2021-02-06T10:45:24Z,6ba66cb5-3c59-442f-8ce8-bdb9cf6117ea,,,,,2021-02-06T10:45:24Z,,
EmailLinkClicked,2021-02-06T12:18:14Z,3212db23-4236-42bb-bf2b-39691f65035c,,,,,2021-02-06T12:18:14Z,,
EmailLinkClicked,2021-02-08T15:36:22Z,0a075313-c51b-42b4-b1ee-5518b8b73710,,,,,2021-02-08T15:36:22Z,,
EmailLinkClicked,2021-02-09T11:08:08Z,94a5646a-b781-4bc6-b0fd-68702c457629,,,,,2021-02-09T11:08:08Z,,
EmailLinkClicked,2021-02-09T13:09:53Z,eaa3cf89-8949-42e6-b4aa-79089087e4c2,,,,,2021-02-09T13:09:53Z,,
EmailLinkClicked,2021-02-09T14:20:23Z,c9aba8f8-61c2-420b-8aa9-42a8b95a6679,,,,,2021-02-09T14:20:23Z,,
EmailLinkClicked,2021-02-09T16:19:13Z,2dbf281b-a27e-47a5-93b7-5e6e637bc30a,,,,,2021-02-09T16:19:13Z,,
EmailLinkClicked,2021-02-11T11:32:23Z,d07614e8-ab45-4e1e-b42a-2d3eae5eba23,,,,,2021-02-11T11:32:23Z,,
EmailLinkClicked,2021-02-14T09:32:35Z,2f071497-7293-4173-a23a-e9734ad7d7af,,,,,2021-02-14T09:32:35Z,,
EmailLinkClicked,2021-02-14T12:39:49Z,a063133f-91ce-434c-ac6e-b2ab58e389dc,,,,,2021-02-14T12:39:49Z,,
EmailLinkClicked,2021-02-14T14:44:42Z,291ea2e7-7c56-4857-938d-74fc8087885a,,,,,2021-02-14T14:44:42Z,,
EmailLinkClicked,2021-02-16T13:50:43Z,8235f48f-a45c-4100-93da-321288571f9f,,,,,2021-02-16T13:50:43Z,,
EmailLinkClicked,2021-02-18T13:04:33Z,d244d666-f23e-4855-a233-985294c6a7de,,,,,2021-02-18T13:04:33Z,,
EmailLinkClicked,2021-02-19T10:37:03Z,3ab448ef-6a3d-44fe-b031-f2fc1a88814d,,,,,2021-02-19T10:37:03Z,,
EmailLinkClicked,2021-02-19T11:48:44Z,c3190e63-3cb5-4f2d-934d-56ba2adfea0e,,,,,2021-02-19T11:48:44Z,,
EmailLinkClicked,2021-02-19T13:05:36Z,a4682314-da60-4cc6-9dfd-a3c7939ca796,,,,,2021-02-19T13:05:36Z,,
EmailLinkClicked,2021-02-20T11:05:37Z,63ad9591-a69d-420e-99c4-f1e8220df6d3,,,,,2021-02-20T11:05:37Z,,
EmailLinkClicked,2021-02-21T15:15:56Z,b0386f69-b847-4bcd-9734-7e4d1a56a79e,,,,,2021-02-21T15:15:56Z,,
EmailLinkClicked,2021-02-22T09:04:12Z,d9998ff0-6aa2-4ad7-a4dd-cad8b6a55f85,,,,,2021-02-22T09:04:12Z,,
EmailLinkClicked,2021-02-22T10:32:40Z,8ba77dac-0a97-4ecf-b169-500b5e4fb080,,,,,2021-02-22T10:32:40Z,,
EmailLinkClicked,2021-02-23T10:16:42Z,5b3fb906-6aaf-4d60-818f-54577ab8b3e9,,,,,2021-02-23T10:16:42Z,,
EmailLinkClicked,2021-02-24T12:32:20Z,03fb6a6f-6e8c-4935-aa0d-ee0bebd88795,,,,,2021-02-24T12:32:20Z,,
EmailLinkClicked,2021-02-24T19:04:43Z,a31adfa4-646c-41db-9751-20fe699c380a,,,,,2021-02-24T19:04:43Z,,
EmailLinkClicked,2021-02-26T12:15:21Z,0a66bb5c-8b89-473e-815e-5a3c1171b18c,,,,,2021-02-26T12:15:21Z,,
EmailLinkClicked,2021-02-27T12:42:17Z,b4f0cca0-85f3-48e1-be99-36bd6fcd3335,,,,,2021-02-27T12:42:17Z,,
EmailLinkClicked,2021-02-27T13:56:11Z,a64bf7f7-e836-498f-b561-65a1f8c9e044,,,,,2021-02-27T13:56:11Z,,
EmailLinkClicked,2021-02-27T14:41:31Z,88ef6d2a-1777-4385-a6a7-581800941ed9,,,,,2021-02-27T14:41:31Z,,
EmailLinkClicked,2021-02-28T12:31:43Z,3249d793-dd2e-4862-932e-1d4e965e9422,,,,,2021-02-28T12:31:43Z,,
EmailLinkClicked,2021-03-01T11:23:18Z,00098283-0c8e-435f-a185-8657d64558f5,,,,,2021-03-01T11:23:18Z,,
EmailLinkClicked,2021-03-01T13:43:29Z,6f5f51c5-dff8-4106-909f-00b5fcc4b78f,,,,,2021-03-01T13:43:29Z,,
EmailLinkClicked,2021-03-01T14:25:31Z,9023adf4-4a5e-47c5-ad4f-bce4a66c4403,,,,,2021-03-01T14:25:31Z,,
EmailLinkClicked,2021-03-02T10:22:00Z,59e0aa45-d5a2-454c-b04e-9461a07e8ce8,,,,,2021-03-02T10:22:00Z,,
EmailLinkClicked,2021-03-03T10:05:24Z,4bc464fc-8ac1-4fee-9795-ec6e4b9ad0ae,,,,,2021-03-03T10:05:24Z,,
EmailLinkClicked,2021-03-03T11:40:31Z,7c15b5a0-3980-4b0a-b930-d84416dbd24f,,,,,2021-03-03T11:40:31Z,,
EmailLinkClicked,2021-03-03T14:45:54Z,1f133ebf-1c5f-47d2-b404-b3d203d9ef12,,,,,2021-03-03T14:45:54Z,,
EmailLinkClicked,2021-03-04T13:46:35Z,95e6ebf8-32ab-4a78-b260-7e54244d76b9,,,,,2021-03-04T13:46:35Z,,
EmailLinkClicked,2021-03-05T11:31:06Z,3833fe8b-284d-43a2-84e2-d0c5c5ccddec,,,,,2021-03-05T11:31:06Z,,
EmailLinkClicked,2021-03-07T11:28:40Z,1b645f79-c015-432d-ba1c-8f148edfb5be,,,,,2021-03-07T11:28:40Z,,
EmailLinkClicked,2021-03-07T17:47:19Z,8234d9ee-cf3d-4d78-aee9-f3dd69562276,,,,,2021-03-07T17:47:19Z,,
EmailLinkClicked,2021-03-08T11:37:11Z,35fb3aee-6655-4c8a-9fbc-355e4d785403,,,,,2021-03-08T11:37:11Z,,
EmailLinkClicked,2021-03-08T11:41:12Z,6e5c336c-ee0f-4935-befe-ab482d399990,,,,,2021-03-08T11:41:12Z,,
EmailLinkClicked,2021-03-08T12:04:26Z,22c91156-cf3b-4ef5-9ae5-97a4e3ac08da,,,,,2021-03-08T12:04:26Z,,
EmailLinkClicked,2021-03-14T12:15:54Z,af4ee0b4-47f8-4f98-a682-46d6f2d00a38,,,,,2021-03-14T12:15:54Z,,
EmailLinkClicked,2021-03-14T13:17:39Z,4c794287-94f1-4621-baec-c163a5cafe23,,,,,2021-03-14T13:17:39Z,,
EmailLinkClicked,2021-03-19T09:31:02Z,b6b738fb-772e-4275-85e3-54431b3edc6a,,,,,2021-03-19T09:31:02Z,,
EmailLinkClicked,2021-03-19T12:33:45Z,be986fd8-b63a-4454-8153-d2bcfcc4cec4,,,,,2021-03-19T12:33:45Z,,
EmailLinkClicked,2021-03-21T11:41:34Z,10e49614-2c3e-41ea-89ab-f2e93f3984ee,,,,,2021-03-21T11:41:34Z,,
EmailLinkClicked,2021-03-23T18:15:20Z,0c055bd8-7978-4a18-af7c-3f3551c9063d,,,,,2021-03-23T18:15:20Z,,
EmailLinkClicked,2021-03-25T11:07:47Z,ff0ce60e-c188-4b22-af8a-2b51f62e5c29,,,,,2021-03-25T11:07:47Z,,
EmailLinkClicked,2021-03-26T12:36:49Z,c7c6b45f-a2c8-46b0-b426-da881903278c,,,,,2021-03-26T12:36:49Z,,
EmailLinkClicked,2021-03-26T14:20:14Z,a687cd51-b9a2-4105-903e-9aa9e73ff2d1,,,,,2021-03-26T14:20:14Z,,
EmailLinkClicked,2021-03-27T11:40:16Z,07449a96-d3cd-4836-8cb3-2f9306b3e531,,,,,2021-03-27T11:40:16Z,,
EmailLinkClicked,2021-03-27T13:32:23Z,1f120930-b4b3-4256-9268-5bad52e62da1,,,,,2021-03-27T13:32:23Z,,
EmailLinkClicked,2021-03-28T11:35:30Z,a6ad41cc-9d96-4cb2-9612-c3aded63d515,,,,,2021-03-28T11:35:30Z,,
EmailLinkClicked,2021-03-28T13:36:07Z,a342eefd-ae52-4c3a-afe0-8753efae2f37,,,,,2021-03-28T13:36:07Z,,
EmailLinkClicked,2021-03-28T13:59:34Z,91baa6b8-322f-4992-a392-f78cf65a05fc,,,,,2021-03-28T13:59:34Z,,
EmailLinkClicked,2021-03-30T11:44:57Z,0806d63e-ab52-4fcc-96bc-093f483b49d3,,,,,2021-03-30T11:44:57Z,,
EmailLinkClicked,2021-03-30T15:02:08Z,b4ef45dc-d628-4384-8462-cc2b9c2ef27b,,,,,2021-03-30T15:02:08Z,,
EmailLinkClicked,2021-03-30T18:21:32Z,1d8488df-79ce-49f3-a73b-9c27b05de0c8,,,,,2021-03-30T18:21:32Z,,
EmailLinkClicked,2021-04-01T12:31:44Z,f44cb4f2-dce3-45ce-afb5-4b6bd5d27fa4,,,,,2021-04-01T12:31:44Z,,
EmailLinkClicked,2021-04-03T11:02:35Z,608c1b67-9b81-4018-ac16-0978e1eeb73a,,,,,2021-04-03T11:02:35Z,,
EmailLinkClicked,2021-04-05T13:28:40Z,7f193eed-d696-4bd9-9c06-e7cd2df95396,,,,,2021-04-05T13:28:40Z,,
EmailLinkClicked,2021-04-05T13:40:50Z,f82953a1-3fc4-4063-a970-ebd88432f592,,,,,2021-04-05T13:40:50Z,,
EmailLinkClicked,2021-04-06T11:34:31Z,17bc59ac-1a79-4954-aaad-88330081117a,,,,,2021-04-06T11:34:31Z,,
EmailLinkClicked,2021-04-06T12:11:13Z,aa191d58-e3fa-4674-95ac-639b6bbefd83,,,,,2021-04-06T12:11:13Z,,
EmailLinkClicked,2021-04-06T15:44:40Z,2dd864ec-1f77-4558-be98-abcc9fa2f758,,,,,2021-04-06T15:44:40Z,,
EmailLinkClicked,2021-04-06T16:21:45Z,22a1d642-a86a-41a0-8caf-b91c4daa3fab,,,,,2021-04-06T16:21:45Z,,
EmailLinkClicked,2021-04-07T12:59:17Z,7dff013b-6d12-4c32-b283-4b2b796341b9,,,,,2021-04-07T12:59:17Z,,
EmailLinkClicked,2021-04-08T14:03:09Z,e80d6a4a-a2fc-4ba5-8545-728d07a50813,,,,,2021-04-08T14:03:09Z,,
EmailLinkClicked,2021-04-09T10:44:54Z,b8372656-f265-4c6e-b356-36417624cb12,,,,,2021-04-09T10:44:54Z,,
EmailLinkClicked,2021-04-10T11:36:42Z,7f3928f8-29d6-40f6-9ab2-c0d56fd2fd6b,,,,,2021-04-10T11:36:42Z,,
EmailLinkClicked,2021-04-10T12:16:59Z,d1a91adb-9f90-4e07-a8dd-f2755916653f,,,,,2021-04-10T12:16:59Z,,
EmailLinkClicked,2021-04-10T13:54:20Z,301bf734-1921-41ed-8459-1e7057f5a18f,,,,,2021-04-10T13:54:20Z,,
EmailLinkClicked,2021-04-10T14:02:59Z,65f48715-b6c5-4ff7-97d9-5c59834045f6,,,,,2021-04-10T14:02:59Z,,
EmailLinkClicked,2021-04-10T14:26:58Z,daa62e4e-a6f4-40d4-a3cd-973d931465ee,,,,,2021-04-10T14:26:58Z,,
EmailLinkClicked,2021-04-11T12:43:19Z,a404f925-ff3a-4a46-a192-978589e2e219,,,,,2021-04-11T12:43:19Z,,
EmailLinkClicked,2021-04-13T12:16:40Z,3f2f7b22-f532-48e9-9865-09d9ed1614b8,,,,,2021-04-13T12:16:40Z,,
EmailLinkClicked,2021-04-13T13:33:14Z,a97e7633-1c51-481a-80ef-21afc6fdcd2e,,,,,2021-04-13T13:33:14Z,,
EmailLinkClicked,2021-04-13T16:50:03Z,5734c4a8-8dec-41cf-91ef-f309fe747b0a,,,,,2021-04-13T16:50:03Z,,
EmailLinkClicked,2021-04-15T13:09:44Z,7515ca7e-3f2f-4d39-affc-283017ccfeb5,,,,,2021-04-15T13:09:44Z,,
EmailLinkClicked,2021-04-15T16:13:03Z,2bca320b-a473-4906-a495-14b87dd6d96d,,,,,2021-04-15T16:13:03Z,,
EmailLinkClicked,2021-04-16T11:03:21Z,0b9f9f93-0fe1-41ed-a942-cf09d4b4af74,,,,,2021-04-16T11:03:21Z,,
EmailLinkClicked,2021-04-16T13:01:09Z,f4b6708d-9c08-4d44-83ae-13c45748b640,,,,,2021-04-16T13:01:09Z,,
EmailLinkClicked,2021-04-16T15:15:27Z,65d0b07f-54c7-4f1b-8090-881e454ac512,,,,,2021-04-16T15:15:27Z,,
EmailLinkClicked,2021-04-17T16:26:08Z,70688732-003f-4c0a-986f-f7e17152cde5,,,,,2021-04-17T16:26:08Z,,
EmailLinkClicked,2021-04-18T11:47:26Z,a718e407-6640-4934-9e25-e4486f3d1f73,,,,,2021-04-18T11:47:26Z,,
EmailLinkClicked,2021-04-18T12:05:29Z,c9862f68-6a95-44e6-b5a3-472e3cef3d03,,,,,2021-04-18T12:05:29Z,,
EmailLinkClicked,2021-04-19T14:04:01Z,336e3880-d4af-4cf7-a55f-3c9dbdd93543,,,,,2021-04-19T14:04:01Z,,
EmailLinkClicked,2021-04-20T10:47:17Z,f2265b72-1050-4eed-87a6-f39eaf9a9fa8,,,,,2021-04-20T10:47:17Z,,
EmailLinkClicked,2021-04-20T15:38:52Z,c4d99ce4-f93a-457d-85ea-1223c2f0f7a8,,,,,2021-04-20T15:38:52Z,,
EmailLinkClicked,2021-04-21T12:55:15Z,42eea867-ab84-43ef-b590-428cbfd6b6fe,,,,,2021-04-21T12:55:15Z,,
EmailLinkClicked,2021-04-21T14:11:04Z,cf576752-6dbe-4d87-bc54-d4a67877e594,,,,,2021-04-21T14:11:04Z,,
EmailLinkClicked,2021-04-21T14:27:40Z,1ebee5af-96a6-42af-bbfa-1c67b130b4d7,,,,,2021-04-21T14:27:40Z,,
EmailLinkClicked,2021-04-21T17:17:10Z,30f4fee4-ad84-4f46-923a-5719e803df8b,,,,,2021-04-21T17:17:10Z,,
EmailLinkClicked,2021-04-22T12:54:19Z,399829c3-9c97-4d9b-80cd-92cc8c7927a7,,,,,2021-04-22T12:54:19Z,,
EmailLinkClicked,2021-04-23T13:52:56Z,8b26be37-a058-49e2-b5a5-8b461b63c2d4,,,,,2021-04-23T13:52:56Z,,
EmailLinkClicked,2021-04-23T14:43:02Z,68566a6b-2de6-45e2-a6fe-18bcb3e16ce9,,,,,2021-04-23T14:43:02Z,,
EmailLinkClicked,2021-04-25T10:04:55Z,256bdc42-78ad-4fb3-a8e2-052dbfd6d460,,,,,2021-04-25T10:04:55Z,,
EmailLinkClicked,2021-04-26T12:14:50Z,00b8b680-e141-4e40-9c42-f1fa425ae65e,,,,,2021-04-26T12:14:50Z,,
EmailLinkClicked,2021-05-01T10:17:54Z,7d13a3f2-3e1c-4cde-bc3e-84ee3e49df84,,,,,2021-05-01T10:17:54Z,,
EmailLinkClicked,2021-05-02T12:43:06Z,1e2bd9f2-d91b-413a-bb3f-05f8dca29498,,,,,2021-05-02T12:43:06Z,,
EmailLinkClicked,2021-05-02T16:30:40Z,13c1c402-a4d2-4d73-8490-1543435c2dca,,,,,2021-05-02T16:30:40Z,,
EmailLinkClicked,2021-05-03T15:01:23Z,11193716-00cf-46a1-adce-fabbe9adb7f6,,,,,2021-05-03T15:01:23Z,,
EmailLinkClicked,2021-05-04T14:10:11Z,01771d7f-72c5-4544-97a3-53f6fcf9eac2,,,,,2021-05-04T14:10:11Z,,
EmailLinkClicked,2021-05-05T12:56:06Z,dd05c839-9415-4139-9782-d3d15db6ca9b,,,,,2021-05-05T12:56:06Z,,
EmailLinkClicked,2021-05-05T15:31:13Z,befb7f8b-ed78-4bb4-be75-f12da24d82e5,,,,,2021-05-05T15:31:13Z,,
EmailLinkClicked,2021-05-07T14:05:22Z,65fcd8f1-dbc3-40fd-aee4-8fdb927286d3,,,,,2021-05-07T14:05:22Z,,
EmailLinkClicked,2021-05-07T16:17:18Z,5d0c922e-ed64-4a1f-abb3-6cfb4ca7f44e,,,,,2021-05-07T16:17:18Z,,
EmailLinkClicked,2021-05-08T10:37:36Z,a8b37a63-abb3-464f-ab75-831b0432ccbb,,,,,2021-05-08T10:37:36Z,,
EmailLinkClicked,2021-05-10T17:05:49Z,b4c7ab87-d7e8-4971-bf67-98bcfbac02b0,,,,,2021-05-10T17:05:49Z,,
EmailLinkClicked,2021-05-12T15:12:56Z,db8149d2-11b1-4187-8199-2782279ecfe4,,,,,2021-05-12T15:12:56Z,,
EmailLinkClicked,2021-05-14T11:51:41Z,1538dbf3-0a0c-47b3-8e3c-27bb71bb42fd,,,,,2021-05-14T11:51:41Z,,
EmailLinkClicked,2021-05-14T13:26:27Z,5e20058c-e6d5-46cd-b8e4-57a584d89447,,,,,2021-05-14T13:26:27Z,,
EmailLinkClicked,2021-05-16T09:22:24Z,3d95c0e3-b05c-4737-9175-faca9378f270,,,,,2021-05-16T09:22:24Z,,
EmailLinkClicked,2021-05-16T13:55:36Z,918138ec-5027-499f-8ef1-29fb0d5fa08e,,,,,2021-05-16T13:55:36Z,,
EmailLinkClicked,2021-05-17T13:19:47Z,4798c05f-126a-4cb5-9a42-5ab989706d67,,,,,2021-05-17T13:19:47Z,,
EmailLinkClicked,2021-05-20T11:32:55Z,ede8f3cd-5590-4ced-9d26-2e41e212f6b1,,,,,2021-05-20T11:32:55Z,,
EmailLinkClicked,2021-05-20T13:05:26Z,eefa4792-2540-4c24-a2f1-54e75ce08353,,,,,2021-05-20T13:05:26Z,,
EmailLinkClicked,2021-05-20T17:55:35Z,f69162c7-f5eb-49ef-a44d-322cb62fe56f,,,,,2021-05-20T17:55:35Z,,
EmailLinkClicked,2021-05-22T16:28:08Z,70f56c9c-51ed-4dd8-ae58-e5bbe745824f,,,,,2021-05-22T16:28:08Z,,
EmailLinkClicked,2021-05-23T09:34:48Z,44a86e32-2f63-4fc8-b572-39e6e409ae05,,,,,2021-05-23T09:34:48Z,,
EmailLinkClicked,2021-05-23T12:30:47Z,281adf9b-6fd0-4b7d-a38d-84e5b153fe2e,,,,,2021-05-23T12:30:47Z,,
EmailLinkClicked,2021-05-24T15:08:39Z,909ab191-84cb-4709-8013-cea94125b3c0,,,,,2021-05-24T15:08:39Z,,
EmailLinkClicked,2021-05-25T14:22:34Z,2c82d6d7-5ffb-4a3d-a602-ae29a71d216c,,,,,2021-05-25T14:22:34Z,,
EmailLinkClicked,2021-06-01T12:47:25Z,e50add46-b02c-4bb3-8928-960193a1b888,,,,,2021-06-01T12:47:25Z,,
EmailLinkClicked,2021-06-01T14:43:50Z,b0e87070-e23c-49b6-9eb0-2097082ce66c,,,,,2021-06-01T14:43:50Z,,
EmailLinkClicked,2021-06-03T14:03:12Z,a0fba619-d1be-4784-bbfc-32f357c778c6,,,,,2021-06-03T14:03:12Z,,
EmailLinkClicked,2021-06-03T16:02:48Z,87f59291-a8a1-4004-8993-8f713f817cd7,,,,,2021-06-03T16:02:48Z,,
EmailLinkClicked,2021-06-04T11:27:21Z,db1551ed-d5d6-4313-bf01-5dc52f0d3323,,,,,2021-06-04T11:27:21Z,,
EmailLinkClicked,2021-06-04T12:39:36Z,3c404df9-83c4-412a-81d6-69827a079ad1,,,,,2021-06-04T12:39:36Z,,
EmailLinkClicked,2021-06-05T13:42:45Z,bb266160-d252-495f-b343-a2d0f892a9c9,,,,,2021-06-05T13:42:45Z,,
EmailLinkClicked,2021-06-07T16:31:54Z,f4f68e89-a7b2-42f9-9143-48053fc5dd4a,,,,,2021-06-07T16:31:54Z,,
EmailLinkClicked,2021-06-09T12:07:18Z,c3e41a21-4ffc-4ed1-a7a9-e82590278588,,,,,2021-06-09T12:07:18Z,,
EmailLinkClicked,2021-06-10T13:28:36Z,81a832a6-b773-47d0-8a01-5905cf94f08b,,,,,2021-06-10T13:28:36Z,,
EmailLinkClicked,2021-06-11T13:27:43Z,c6cebf44-3437-4522-a894-e5c209601a33,,,,,2021-06-11T13:27:43Z,,
EmailLinkClicked,2021-06-12T11:49:19Z,7ec032e4-6ef0-4a05-8ea6-7afeaae3ad7c,,,,,2021-06-12T11:49:19Z,,
EmailLinkClicked,2021-06-13T11:34:40Z,05c5cc7a-d298-4321-87da-20528a19417b,,,,,2021-06-13T11:34:40Z,,
EmailLinkClicked,2021-06-13T13:30:15Z,800fbe06-49a7-463c-92d5-6661ddd1bbd7,,,,,2021-06-13T13:30:15Z,,
EmailLinkClicked,2021-06-15T11:29:18Z,60e457df-0abf-48da-b954-3d2047390bbd,,,,,2021-06-15T11:29:18Z,,
EmailLinkClicked,2021-06-19T11:21:13Z,dd3fcaf8-15f9-486b-85b2-c157215a8424,,,,,2021-06-19T11:21:13Z,,
EmailLinkClicked,2021-06-19T15:00:02Z,0b61c825-19d2-4b8d-b9d7-27d0c3a7774f,,,,,2021-06-19T15:00:02Z,,
EmailLinkClicked,2021-06-20T12:40:18Z,5539ca1f-9827-4f9a-b02b-175d5c04fed6,,,,,2021-06-20T12:40:18Z,,
EmailLinkClicked,2021-06-23T15:24:50Z,eb21d501-e445-4282-b634-a7854ca02f9d,,,,,2021-06-23T15:24:50Z,,
EmailLinkClicked,2021-06-24T09:49:56Z,ce7fa7ed-b95e-44d4-9841-80f744900013,,,,,2021-06-24T09:49:56Z,,
EmailLinkClicked,2021-06-24T14:14:40Z,549174a5-113e-4f4b-aba1-284f4fcf4b20,,,,,2021-06-24T14:14:40Z,,
EmailLinkClicked,2021-06-25T12:13:42Z,55eba9a2-ad53-4f20-80d8-fcd8f9abac00,,,,,2021-06-25T12:13:42Z,,
EmailLinkClicked,2021-06-26T12:28:45Z,2df7bea3-fd66-46a6-93c7-6c1438afc06a,,,,,2021-06-26T12:28:45Z,,
EmailLinkClicked,2021-06-26T13:02:33Z,9e6c8a3b-c0b8-429b-8eae-1e5df6a5c533,,,,,2021-06-26T13:02:33Z,,
EmailLinkClicked,2021-06-27T13:28:17Z,46149f5c-a1b2-46a0-a463-f2443ad74f35,,,,,2021-06-27T13:28:17Z,,
EmailLinkClicked,2021-06-27T14:13:21Z,70405cac-2e23-40a9-8633-e8589f2957e6,,,,,2021-06-27T14:13:21Z,,
EmailLinkClicked,2021-06-29T11:20:53Z,1589f72c-003e-4cc7-a22c-9a8fa8166b2b,,,,,2021-06-29T11:20:53Z,,
EmailLinkClicked,2021-06-29T13:02:46Z,459fc0c2-cdcd-4ea0-a281-ea3cfabbde61,,,,,2021-06-29T13:02:46Z,,
EmailLinkClicked,2021-06-30T11:54:01Z,c4e2c5e0-6c72-41a5-b0aa-8d293154c5f7,,,,,2021-06-30T11:54:01Z,,
EmailLinkClicked,2021-07-03T13:46:40Z,76d36fb9-8d7e-4a3f-b6b8-15fd6a8a073e,,,,,2021-07-03T13:46:40Z,,
EmailLinkClicked,2021-07-05T13:02:28Z,4ecfeffb-e6d0-46be-af93-d3cc16f9c0ad,,,,,2021-07-05T13:02:28Z,,
EmailLinkClicked,2021-07-06T14:42:52Z,36cd2c97-7fd5-4b9e-a386-fc1d01fe9135,,,,,2021-07-06T14:42:52Z,,
EmailLinkClicked,2021-07-06T15:34:25Z,5b20f08d-b4f0-40b1-8b3b-8dcb8bcb7e46,,,,,2021-07-06T15:34:25Z,,
EmailLinkClicked,2021-07-11T11:02:55Z,498d3b28-5247-4089-9c01-e43a7f8d989e,,,,,2021-07-11T11:02:55Z,,
EmailLinkClicked,2021-07-14T13:24:58Z,d58d1960-7158-42a2-9715-bf05c19628f8,,,,,2021-07-14T13:24:58Z,,
EmailLinkClicked,2021-07-14T13:35:44Z,91f90052-f5e9-4bca-9cc6-b74145a36d43,,,,,2021-07-14T13:35:44Z,,
EmailLinkClicked,2021-07-15T11:43:28Z,1e81aeeb-cc5b-450a-a751-16288cd835ca,,,,,2021-07-15T11:43:28Z,,
EmailLinkClicked,2021-07-15T12:54:10Z,c7b97326-0a47-425e-9ef2-8ca4dc6b907f,,,,,2021-07-15T12:54:10Z,,
EmailLinkClicked,2021-07-15T13:30:30Z,3318dbe6-cd02-473f-97ee-b64132e0b20a,,,,,2021-07-15T13:30:30Z,,
EmailLinkClicked,2021-07-17T11:25:27Z,895d31ec-a6c3-46a8-b8f2-255ca1ae3569,,,,,2021-07-17T11:25:27Z,,
EmailLinkClicked,2021-07-19T13:55:34Z,553c36bd-b150-4212-aea8-c3a047788730,,,,,2021-07-19T13:55:34Z,,
EmailLinkClicked,2021-07-19T14:35:48Z,06393fd5-c607-43f1-847c-f0ab9322b5fa,,,,,2021-07-19T14:35:48Z,,
EmailLinkClicked,2021-07-20T10:51:24Z,cc4be8cf-2789-47c4-b934-b6c44d6a7e8f,,,,,2021-07-20T10:51:24Z,,
EmailLinkClicked,2021-07-20T10:55:41Z,19226323-164b-4cae-b5b0-e169ac33560d,,,,,2021-07-20T10:55:41Z,,
EmailLinkClicked,2021-07-21T11:53:38Z,9a12a4ac-8ac5-439b-8930-1863361b0749,,,,,2021-07-21T11:53:38Z,,
EmailLinkClicked,2021-07-21T12:48:52Z,89801ca5-db2d-4c96-8d9d-eb87693c5b5b,,,,,2021-07-21T12:48:52Z,,
EmailLinkClicked,2021-07-22T11:10:57Z,00ee4bc1-b3d3-4291-b2fc-b722833257b0,,,,,2021-07-22T11:10:57Z,,
EmailLinkClicked,2021-07-22T11:40:52Z,38738292-d31f-414c-b1f6-f93a2f12270c,,,,,2021-07-22T11:40:52Z,,
EmailLinkClicked,2021-07-22T18:09:32Z,25e85a7d-394c-49ee-ab7e-f39f91f4c572,,,,,2021-07-22T18:09:32Z,,
EmailLinkClicked,2021-07-24T13:59:22Z,d2365b31-d871-45b1-8165-7ac2205bc8cf,,,,,2021-07-24T13:59:22Z,,
EmailLinkClicked,2021-07-25T13:39:47Z,499b59ca-d4f9-4418-b507-d23d0a3028a1,,,,,2021-07-25T13:39:47Z,,
EmailLinkClicked,2021-07-26T15:06:50Z,6725adf2-762e-4fa0-a271-ede4c30b3f8b,,,,,2021-07-26T15:06:50Z,,
EmailLinkClicked,2021-07-27T11:09:01Z,52602795-7e92-45cc-b189-d1532e82ce49,,,,,2021-07-27T11:09:01Z,,
EmailLinkClicked,2021-07-27T11:44:47Z,c7a326f8-69ab-458a-8df8-05f26e866d22,,,,,2021-07-27T11:44:47Z,,
EmailLinkClicked,2021-08-02T11:51:33Z,d9027f9c-ae1b-4504-95b2-27bdb564a24c,,,,,2021-08-02T11:51:33Z,,
EmailLinkClicked,2021-08-04T16:12:38Z,872f7c71-edfc-4e57-bc28-fa61873fc06c,,,,,2021-08-04T16:12:38Z,,
EmailLinkClicked,2021-08-06T11:29:30Z,98d7c44b-bb0e-4027-9d4c-f6f6e062ad0b,,,,,2021-08-06T11:29:30Z,,
EmailLinkClicked,2021-08-10T12:07:14Z,9300a0ef-376e-4860-aa37-08cdc72611e5,,,,,2021-08-10T12:07:14Z,,
EmailLinkClicked,2021-08-10T14:45:09Z,9cc99642-4013-484e-84cc-2b03ed475468,,,,,2021-08-10T14:45:09Z,,
EmailLinkClicked,2021-08-11T12:30:38Z,6e7b99ae-8e8b-4d18-af91-ce3d377ae5c4,,,,,2021-08-11T12:30:38Z,,
EmailLinkClicked,2021-08-12T14:33:35Z,4e5f0bff-b9f9-446d-bd17-9aa6ea95a59b,,,,,2021-08-12T14:33:35Z,,
EmailLinkClicked,2021-08-13T12:38:11Z,473ca53a-a20b-4ecf-8997-7f63c0427406,,,,,2021-08-13T12:38:11Z,,
EmailLinkClicked,2021-08-16T11:45:10Z,ad5ef043-99ac-4e41-903e-a9358e1a15d5,,,,,2021-08-16T11:45:10Z,,
EmailLinkClicked,2021-08-16T12:18:15Z,ef19143a-60b2-4358-a157-e6ca23bed1fe,,,,,2021-08-16T12:18:15Z,,
EmailLinkClicked,2021-08-16T13:25:23Z,f61fb071-70d0-40f0-a2f0-be285f5a877a,,,,,2021-08-16T13:25:23Z,,
EmailLinkClicked,2021-08-16T15:30:30Z,7b3606f3-ecdb-4b96-92f1-60c44f42030b,,,,,2021-08-16T15:30:30Z,,
EmailLinkClicked,2021-08-17T12:20:33Z,a7064c9c-562e-455e-b643-8c4b7ae4dd7f,,,,,2021-08-17T12:20:33Z,,
EmailLinkClicked,2021-08-17T15:39:30Z,c9a5161a-279f-4642-92a0-8aadd05d27a8,,,,,2021-08-17T15:39:30Z,,
EmailLinkClicked,2021-08-17T16:17:57Z,d3d63c8d-1b08-4242-b599-7b040ba5f8f5,,,,,2021-08-17T16:17:57Z,,
EmailLinkClicked,2021-08-18T14:01:56Z,10aa6193-f7fc-47e4-ab7b-7ca57fde5187,,,,,2021-08-18T14:01:56Z,,
EmailLinkClicked,2021-08-19T12:55:18Z,f9770c5a-d4c4-49d0-a5b4-365b8914079b,,,,,2021-08-19T12:55:18Z,,
EmailLinkClicked,2021-08-20T12:00:35Z,d0ed6413-eb41-4618-a932-350f763296cf,,,,,2021-08-20T12:00:35Z,,
EmailLinkClicked,2021-08-20T14:12:42Z,41bec967-a951-47b4-8781-903b56fac945,,,,,2021-08-20T14:12:42Z,,
EmailLinkClicked,2021-08-22T16:10:54Z,df89cd08-d2cd-432a-9b78-b0542aeb86fb,,,,,2021-08-22T16:10:54Z,,
EmailLinkClicked,2021-08-23T12:56:54Z,fd8462b1-8037-454a-bc1c-6782aaeee9a5,,,,,2021-08-23T12:56:54Z,,
EmailLinkClicked,2021-08-26T11:52:28Z,c3b11a6b-b1c0-4ca8-8b39-242972f68eac,,,,,2021-08-26T11:52:28Z,,
EmailLinkClicked,2021-08-26T14:21:04Z,72e7e8fd-42ae-4f16-9bbd-bcef9a49b0c4,,,,,2021-08-26T14:21:04Z,,
EmailLinkClicked,2021-08-26T14:23:22Z,0267ecf4-bbd1-4805-ad28-2b163a5eac8b,,,,,2021-08-26T14:23:22Z,,
EmailLinkClicked,2021-08-26T14:42:50Z,52a9145b-42ee-4dd1-93db-39ba3cee6a61,,,,,2021-08-26T14:42:50Z,,
EmailLinkClicked,2021-08-27T15:22:02Z,2c9f7c4e-3cc3-4559-a8de-83dd0a7afaf8,,,,,2021-08-27T15:22:02Z,,
EmailLinkClicked,2021-08-27T15:37:27Z,f9894369-aa8b-4f9c-a16b-f0868d2c0d83,,,,,2021-08-27T15:37:27Z,,
EmailLinkClicked,2021-08-30T11:43:28Z,0a891a41-91f9-407f-ab80-d7ae044314dc,,,,,2021-08-30T11:43:28Z,,
EmailLinkClicked,2021-09-02T09:35:40Z,fb667898-af76-4294-8c89-3d896fffd574,,,,,2021-09-02T09:35:40Z,,
EmailLinkClicked,2021-09-02T11:30:12Z,46aa7f92-7f32-4737-86e0-55d45c3ac37c,,,,,2021-09-02T11:30:12Z,,
EmailLinkClicked,2021-09-02T17:09:25Z,a88b82e9-f1ab-4d45-9118-1eb0d246cad6,,,,,2021-09-02T17:09:25Z,,
EmailLinkClicked,2021-09-03T10:32:50Z,08936b28-a17e-429a-ac96-8d8cf4281fda,,,,,2021-09-03T10:32:50Z,,
EmailLinkClicked,2021-09-03T15:07:11Z,b3ca4de5-e250-4d28-acba-c9478a38aee7,,,,,2021-09-03T15:07:11Z,,
EmailLinkClicked,2021-09-04T13:18:52Z,85be4446-595c-4a38-b3cf-733e7b45d886,,,,,2021-09-04T13:18:52Z,,
EmailLinkClicked,2021-09-06T10:33:27Z,e7100a81-0390-4a46-8535-a66f3f9c9dea,,,,,2021-09-06T10:33:27Z,,
EmailLinkClicked,2021-09-06T12:33:10Z,e5b728f1-421a-42a3-b371-974c238eb56c,,,,,2021-09-06T12:33:10Z,,
EmailLinkClicked,2021-09-07T12:51:12Z,482cdd0f-31f3-43ae-b11f-a3fa12f15a7e,,,,,2021-09-07T12:51:12Z,,
EmailLinkClicked,2021-09-07T15:00:08Z,9c1121fc-977a-482f-a1bf-89c77d5f884f,,,,,2021-09-07T15:00:08Z,,
EmailLinkClicked,2021-09-08T11:55:19Z,88f016e6-d577-42d5-83af-493699fd3adc,,,,,2021-09-08T11:55:19Z,,
EmailLinkClicked,2021-09-08T14:28:28Z,c3a896de-88f0-4371-b87f-917b6a01e317,,,,,2021-09-08T14:28:28Z,,
EmailLinkClicked,2021-09-08T15:07:07Z,8dae18bb-cd06-4981-8812-1aeba68c7284,,,,,2021-09-08T15:07:07Z,,
EmailLinkClicked,2021-09-12T10:19:52Z,a3791016-e9a4-4ac5-8dee-d9cf32c6eabb,,,,,2021-09-12T10:19:52Z,,
EmailLinkClicked,2021-09-12T12:34:14Z,0559ca6c-c5d4-4916-b7f5-a5684bfdfcf3,,,,,2021-09-12T12:34:14Z,,
EmailLinkClicked,2021-09-12T13:59:49Z,2c75b38f-9eaf-4328-a58d-541fced57cee,,,,,2021-09-12T13:59:49Z,,
EmailLinkClicked,2021-09-13T14:55:42Z,90467068-1cd0-4d91-80a5-5e6e14a84234,,,,,2021-09-13T14:55:42Z,,
EmailLinkClicked,2021-09-14T12:43:13Z,82d7f917-ea3c-4e37-b365-ca65f3ff4417,,,,,2021-09-14T12:43:13Z,,
EmailLinkClicked,2021-09-14T14:58:30Z,a0f89fba-713d-4231-9a84-fe74916f6176,,,,,2021-09-14T14:58:30Z,,
EmailLinkClicked,2021-09-16T12:07:39Z,894cdebb-be56-40a7-906d-9ca992a19e6c,,,,,2021-09-16T12:07:39Z,,
EmailLinkClicked,2021-09-17T09:23:22Z,fe510e48-1e6c-4634-8995-947935f93bf4,,,,,2021-09-17T09:23:22Z,,
EmailLinkClicked,2021-09-17T11:04:54Z,1d1231ef-79f4-4683-bc32-3e1acc0fb584,,,,,2021-09-17T11:04:54Z,,
EmailLinkClicked,2021-09-17T15:10:59Z,8f3623af-18a6-4dbb-8394-42c5ad5089aa,,,,,2021-09-17T15:10:59Z,,
EmailLinkClicked,2021-09-18T11:36:51Z,0803496e-c14b-4901-8cc4-a9d484d1fe79,,,,,2021-09-18T11:36:51Z,,
EmailLinkClicked,2021-09-18T11:47:41Z,b7defaea-c74c-4b33-9f0c-bbe14d1bda0c,,,,,2021-09-18T11:47:41Z,,
EmailLinkClicked,2021-09-19T11:12:33Z,238b2789-c5c9-4fd8-bc57-3f6663ec3a95,,,,,2021-09-19T11:12:33Z,,
EmailLinkClicked,2021-09-20T11:07:14Z,2ca80082-93bf-41fa-98b5-c4638c89e601,,,,,2021-09-20T11:07:14Z,,
EmailLinkClicked,2021-09-20T15:01:10Z,0effc8c9-2804-4cbd-b332-846be9d7f977,,,,,2021-09-20T15:01:10Z,,
EmailLinkClicked,2021-09-21T12:25:24Z,6371024d-a740-4c89-9cc3-d156088c0a3d,,,,,2021-09-21T12:25:24Z,,
EmailLinkClicked,2021-09-21T13:56:36Z,50bd4b05-cb16-449b-9a10-0dc99a836de3,,,,,2021-09-21T13:56:36Z,,
EmailLinkClicked,2021-09-22T10:05:01Z,a2e4a1f4-7de8-4aeb-a9ef-544215a3ff17,,,,,2021-09-22T10:05:01Z,,
EmailLinkClicked,2021-09-23T15:11:18Z,0c099eb0-074d-4a13-b312-0aa16e4446ae,,,,,2021-09-23T15:11:18Z,,
EmailLinkClicked,2021-09-24T11:39:57Z,eedd1f52-a297-4913-a899-70c1fe916fd5,,,,,2021-09-24T11:39:57Z,,
EmailLinkClicked,2021-09-24T16:25:34Z,ad6f2118-65eb-4982-bef9-3d197e959274,,,,,2021-09-24T16:25:34Z,,
EmailLinkClicked,2021-09-25T11:45:59Z,74dba6b3-3343-4f60-93f7-fef069e67a29,,,,,2021-09-25T11:45:59Z,,
EmailLinkClicked,2021-09-26T13:49:41Z,5590656b-73da-40b3-b9a5-598a018b8095,,,,,2021-09-26T13:49:41Z,,
EmailLinkClicked,2021-09-27T14:09:02Z,302dc758-ff42-4cfc-aa72-11ed533bd35a,,,,,2021-09-27T14:09:02Z,,
EmailLinkClicked,2021-09-29T16:20:42Z,ebca824b-a881-451f-ab8b-f37da336b947,,,,,2021-09-29T16:20:42Z,,
EmailLinkClicked,2021-10-01T14:12:12Z,25e68d86-04e5-42cb-9dca-5919dc07e2ba,,,,,2021-10-01T14:12:12Z,,
EmailLinkClicked,2021-10-04T11:36:33Z,79b96a0b-fee7-48b8-8a42-6e9170158605,,,,,2021-10-04T11:36:33Z,,
EmailLinkClicked,2021-10-04T14:53:01Z,1f2c14f4-354e-46d3-b6f8-6c4e8b7464b4,,,,,2021-10-04T14:53:01Z,,
EmailLinkClicked,2021-10-05T12:25:37Z,b06435a5-185c-402b-bd70-ca0f94387a2b,,,,,2021-10-05T12:25:37Z,,
EmailLinkClicked,2021-10-06T11:43:37Z,c83ab3a1-aee5-42e9-9c6f-44c11b906b20,,,,,2021-10-06T11:43:37Z,,
EmailLinkClicked,2021-10-07T11:09:06Z,fc669e33-9280-46c6-8c19-a41742fc5d7f,,,,,2021-10-07T11:09:06Z,,
EmailLinkClicked,2021-10-07T16:06:11Z,f3d08441-cb47-4dee-a9b2-de67cf91bf67,,,,,2021-10-07T16:06:11Z,,
EmailLinkClicked,2021-10-08T08:52:02Z,2897c415-4070-4d8d-bb6f-40401c5a6b16,,,,,2021-10-08T08:52:02Z,,
EmailLinkClicked,2021-10-08T12:37:33Z,133eaf92-3ea5-4aee-8b97-3a4ee542419b,,,,,2021-10-08T12:37:33Z,,
EmailLinkClicked,2021-10-08T14:06:33Z,554ecefa-e0db-46da-bf43-b67cc2ec9118,,,,,2021-10-08T14:06:33Z,,
EmailLinkClicked,2021-10-10T10:05:02Z,9d3bffb4-de12-478e-a302-54298674cb9b,,,,,2021-10-10T10:05:02Z,,
EmailLinkClicked,2021-10-11T13:32:37Z,ebf44545-d96c-4e34-aee0-4cb18c6790a5,,,,,2021-10-11T13:32:37Z,,
EmailLinkClicked,2021-10-12T11:21:58Z,61a05857-38ff-409f-b4cc-9cfa50535e34,,,,,2021-10-12T11:21:58Z,,
EmailLinkClicked,2021-10-12T15:13:02Z,566bf5ef-aa06-4381-bcdf-5cf7c8731bd8,,,,,2021-10-12T15:13:02Z,,
EmailLinkClicked,2021-10-12T16:53:22Z,4e558521-d470-45b2-b731-7694f91009ef,,,,,2021-10-12T16:53:22Z,,
EmailLinkClicked,2021-10-15T12:28:32Z,9c7789a7-bc88-4b1e-8ee8-224d1724fd57,,,,,2021-10-15T12:28:32Z,,
EmailLinkClicked,2021-10-17T12:41:57Z,32337128-3b0f-4b66-921b-5e69491b206e,,,,,2021-10-17T12:41:57Z,,
EmailLinkClicked,2021-10-17T12:48:51Z,55397d3f-7ac3-4ff9-b354-ebe9038ccc6f,,,,,2021-10-17T12:48:51Z,,
EmailLinkClicked,2021-10-17T15:40:06Z,1b245afb-f07e-419f-8025-824c74345781,,,,,2021-10-17T15:40:06Z,,
EmailLinkClicked,2021-10-18T13:15:02Z,b05efa54-6153-4b7e-aafe-1a7fb2e7fee3,,,,,2021-10-18T13:15:02Z,,
EmailLinkClicked,2021-10-19T15:09:12Z,718080b8-32da-4dde-99c2-a4a813815f95,,,,,2021-10-19T15:09:12Z,,
EmailLinkClicked,2021-10-20T12:45:34Z,bfbc1eec-0bfd-42f7-847d-589c7980c74d,,,,,2021-10-20T12:45:34Z,,
EmailLinkClicked,2021-10-20T13:44:17Z,68b1f755-7394-4712-8984-627808006b56,,,,,2021-10-20T13:44:17Z,,
EmailLinkClicked,2021-10-22T14:01:15Z,8c55a0aa-28d4-4eec-afc0-3f88ff764553,,,,,2021-10-22T14:01:15Z,,
EmailLinkClicked,2021-10-22T15:09:27Z,bbe4fa86-c822-4d3b-8246-01ecfd0bbc4e,,,,,2021-10-22T15:09:27Z,,
EmailLinkClicked,2021-10-23T08:49:14Z,365924fb-54c4-4324-a2b7-23eb0d7d14de,,,,,2021-10-23T08:49:14Z,,
EmailLinkClicked,2021-10-23T13:13:09Z,9ad85b25-a3a8-4bf7-8157-0395ff9415d7,,,,,2021-10-23T13:13:09Z,,
EmailLinkClicked,2021-10-23T13:32:10Z,27801663-bdec-4bcb-a643-ec206356eacf,,,,,2021-10-23T13:32:10Z,,
EmailLinkClicked,2021-10-23T14:16:32Z,94e16cec-5fc4-426d-9d2c-86da9a29e43e,,,,,2021-10-23T14:16:32Z,,
EmailLinkClicked,2021-10-24T10:36:15Z,cb3a849b-c664-4a16-b811-74130af97cb9,,,,,2021-10-24T10:36:15Z,,
EmailLinkClicked,2021-10-24T13:31:08Z,33b49e29-95e1-4281-8822-0e33e318e9aa,,,,,2021-10-24T13:31:08Z,,
EmailLinkClicked,2021-10-25T10:59:36Z,034d8e37-f0e1-46a1-8802-bd6e200f8d86,,,,,2021-10-25T10:59:36Z,,
EmailLinkClicked,2021-10-26T09:33:18Z,9b3790a5-3a52-442c-9557-69f3f75f8737,,,,,2021-10-26T09:33:18Z,,
EmailLinkClicked,2021-10-26T11:59:58Z,97d0234f-a4b3-46ff-8b12-b2ccdc912c4b,,,,,2021-10-26T11:59:58Z,,
EmailLinkClicked,2021-10-28T12:08:17Z,7aedbcc0-eade-4d59-8674-62855ec3d1ed,,,,,2021-10-28T12:08:17Z,,
EmailLinkClicked,2021-10-29T11:50:36Z,271ba56b-1b50-4b35-a331-1e52de1f6fa6,,,,,2021-10-29T11:50:36Z,,
EmailLinkClicked,2021-11-03T10:32:44Z,4666993f-ec14-46df-88a8-7c4f6bb578ff,,,,,2021-11-03T10:32:44Z,,
EmailLinkClicked,2021-11-05T09:53:12Z,9a556626-5409-4e8c-aae2-86088b025b16,,,,,2021-11-05T09:53:12Z,,
EmailLinkClicked,2021-11-05T12:27:53Z,91c87cdc-3862-4997-a8a6-629e0192dfb2,,,,,2021-11-05T12:27:53Z,,
EmailLinkClicked,2021-11-07T10:40:46Z,9582ce1d-d781-43d1-bf72-cfab1a238385,,,,,2021-11-07T10:40:46Z,,
EmailLinkClicked,2021-11-08T15:22:52Z,51260463-2b1d-43b0-b784-0bb131047b9c,,,,,2021-11-08T15:22:52Z,,
EmailLinkClicked,2021-11-12T12:11:00Z,5b019f4d-6d7c-4624-9b20-294b8096ae86,,,,,2021-11-12T12:11:00Z,,
EmailLinkClicked,2021-11-12T12:35:10Z,8aa593b5-e85d-48d1-8aee-77e45063fbee,,,,,2021-11-12T12:35:10Z,,
EmailLinkClicked,2021-11-13T13:10:00Z,443bd283-b0ac-499c-a552-6faa6f4b56fc,,,,,2021-11-13T13:10:00Z,,
EmailLinkClicked,2021-11-13T14:04:33Z,c516bfb0-a69d-4610-a515-69d729c4b3d0,,,,,2021-11-13T14:04:33Z,,
EmailLinkClicked,2021-11-14T13:02:21Z,25e59906-f100-4146-a090-44c70e0e7169,,,,,2021-11-14T13:02:21Z,,
EmailLinkClicked,2021-11-15T09:09:30Z,0d4b6ea3-86b7-4510-9b00-1af3739729d6,,,,,2021-11-15T09:09:30Z,,
EmailLinkClicked,2021-11-15T15:24:41Z,3092a186-3792-43cf-acb4-f060bbaedec3,,,,,2021-11-15T15:24:41Z,,
EmailLinkClicked,2021-11-16T13:24:03Z,12f0f4da-d1ed-40e4-9c07-8617411cf0dd,,,,,2021-11-16T13:24:03Z,,
EmailLinkClicked,2021-11-18T11:39:13Z,8a3350e9-0759-4b1c-98d0-01ea6f5d2ffc,,,,,2021-11-18T11:39:13Z,,
EmailLinkClicked,2021-11-18T11:53:02Z,62c744d5-de19-4cd6-8a0f-e5583746d96f,,,,,2021-11-18T11:53:02Z,,
EmailLinkClicked,2021-11-18T12:23:25Z,a46a3810-c065-4780-aaf3-3909af708332,,,,,2021-11-18T12:23:25Z,,
EmailLinkClicked,2021-11-18T13:17:56Z,cee2abae-ec25-4668-914e-fa62224b343f,,,,,2021-11-18T13:17:56Z,,
EmailLinkClicked,2021-11-18T17:14:41Z,244ca20f-2de0-4d40-ba46-46cbb1fa0be0,,,,,2021-11-18T17:14:41Z,,
EmailLinkClicked,2021-11-19T09:59:37Z,c605b971-fcb5-4d8c-9645-cbadbe44f50a,,,,,2021-11-19T09:59:37Z,,
EmailLinkClicked,2021-11-19T11:23:00Z,e4fe3908-9ec4-4cf8-85e2-2d769fdc68b0,,,,,2021-11-19T11:23:00Z,,
EmailLinkClicked,2021-11-20T11:47:52Z,8a9e74f3-dcb9-4485-a363-3c0f08c0c191,,,,,2021-11-20T11:47:52Z,,
EmailLinkClicked,2021-11-21T14:18:27Z,91d00b09-c1e2-48c4-b6ba-dae7b125dbe6,,,,,2021-11-21T14:18:27Z,,
EmailLinkClicked,2021-11-22T10:50:40Z,2bd59028-4d57-4347-a895-dde57f901b1a,,,,,2021-11-22T10:50:40Z,,
EmailLinkClicked,2021-11-23T11:56:42Z,d1f1b514-fd48-4981-be08-fd939bacb9de,,,,,2021-11-23T11:56:42Z,,
EmailLinkClicked,2021-11-23T13:46:04Z,84ea90d0-95a8-4a2f-93be-55e0473b4732,,,,,2021-11-23T13:46:04Z,,
EmailLinkClicked,2021-11-25T13:54:19Z,9c5fcebe-daff-4bce-b3b9-2d1d119dde2b,,,,,2021-11-25T13:54:19Z,,
EmailLinkClicked,2021-11-26T14:37:05Z,605c103a-8ed8-4e15-ae17-98d91229c45b,,,,,2021-11-26T14:37:05Z,,
EmailLinkClicked,2021-11-26T15:49:01Z,ebc2cb0c-1c36-4430-91f3-a6eac50ea242,,,,,2021-11-26T15:49:01Z,,
EmailLinkClicked,2021-11-27T12:41:46Z,c99aa238-f8c3-451b-9532-ea5626a078d8,,,,,2021-11-27T12:41:46Z,,
EmailLinkClicked,2021-11-27T13:42:18Z,98645b12-bfbd-46c8-9871-c9ec69f842e3,,,,,2021-11-27T13:42:18Z,,
EmailLinkClicked,2021-11-27T14:41:28Z,4cfca135-dd39-4ca7-a16f-ac3e112a0f30,,,,,2021-11-27T14:41:28Z,,
EmailLinkClicked,2021-11-28T10:48:12Z,212054cd-d17c-4bbf-9a3a-58164a3b426c,,,,,2021-11-28T10:48:12Z,,
EmailLinkClicked,2021-11-30T13:52:17Z,768d2fc3-61a3-4a6a-8d5b-b4cbd292fd07,,,,,2021-11-30T13:52:17Z,,
