Type,RecordedAt,Payload.ID,Payload.SentAt,Payload.UndeliveredAt,Payload.DeliveredAt,Payload.OpenedAt,Payload.ClickedAt,Payload.SubmittedAt,Payload.EmailID
PaymentSubmitted,2021-01-05T11:30:13Z,5d63e56e-d096-4fbb-a989-b3fc1fd45311,,,,,,2021-01-05T11:30:13Z,c38688a1-a3fb-424d-8457-98af8ee03b7c
PaymentSubmitted,2021-01-05T12:22:36Z,454f7cf5-fe1f-44de-9bf8-5627b057677c,,,,,,2021-01-05T12:22:36Z,5826f852-5aae-4b76-99e1-c5202dc84aee
PaymentSubmitted,2021-01-12T13:16:29Z,74d94b94-0966-49a2-9b8b-cb491d42021b,,,,,,2021-01-12T13:16:29Z,f9f88cf9-d8f7-4158-ad84-da840018730e
PaymentSubmitted,2021-01-13T11:07:08Z,0e8eb9db-1e68-4071-8438-7af940bcfb31,,,,,,2021-01-13T11:07:08Z,a4cc612e-63bb-46f1-ba1a-4e7b06a3e983
PaymentSubmitted,2021-01-13T17:24:02Z,41676966-66eb-48c7-98d6-c9c6bb43f452,,,,,,2021-01-13T17:24:02Z,ea098f3d-d136-4cf0-897c-6c78ab3ec602
PaymentSubmitted,2021-01-22T11:00:57Z,292eee48-336f-45c7-9355-0f0c6eb5314d,,,,,,2021-01-22T11:00:57Z,1a1b958d-4839-40e4-b75d-930b5da6ce42
PaymentSubmitted,2021-01-22T11:02:42Z,1e907bdd-c409-480a-98c3-9262d57af094,,,,,,2021-01-22T11:02:42Z,b55f2f35-4bdc-44b8-8661-92b806fdf457
PaymentSubmitted,2021-01-25T13:57:20Z,9093cbfa-f92f-4623-864e-06f6fcee43bf,,,,,,2021-01-25T13:57:20Z,57689245-0f16-425a-bb68-fd83f64f2678
PaymentSubmitted,2021-01-26T12:02:02Z,dc9daaf7-1aa1-4a09-9afd-fad2e0b2ef30,,,,,,2021-01-26T12:02:02Z,802f6a1e-fcd0-4e06-b918-bb832906cf80
PaymentSubmitted,2021-02-06T12:19:14Z,687676f0-0f18-4602-b494-b4479c42c80b,,,,,,2021-02-06T12:19:14Z,3212db23-4236-42bb-bf2b-39691f65035c
PaymentSubmitted,2021-02-09T11:08:08Z,08c9be63-d168-4c38-a80c-b6acd4d9c456,,,,,,2021-02-09T11:08:08Z,94a5646a-b781-4bc6-b0fd-68702c457629
PaymentSubmitted,2021-02-14T09:41:35Z,a818fa39-7f86-4427-8e1d-cd69e702dbbd,,,,,,2021-02-14T09:41:35Z,2f071497-7293-4173-a23a-e9734ad7d7af
PaymentSubmitted,2021-02-14T12:48:49Z,e374d9c5-addf-48ec-b54e-998a2b3ded9a,,,,,,2021-02-14T12:48:49Z,a063133f-91ce-434c-ac6e-b2ab58e389dc
PaymentSubmitted,2021-02-18T13:10:33Z,795c0e24-6b21-4a27-ad36-97ea13707bc7,,,,,,2021-02-18T13:10:33Z,d244d666-f23e-4855-a233-985294c6a7de
PaymentSubmitted,2021-02-19T11:49:44Z,1796e444-875e-405f-947f-631380d6bb07,,,,,,2021-02-19T11:49:44Z,c3190e63-3cb5-4f2d-934d-56ba2adfea0e
PaymentSubmitted,2021-02-23T10:16:42Z,61b8f018-5dc5-4c07-9a3c-6310e0d040ab,,,,,,2021-02-23T10:16:42Z,5b3fb906-6aaf-4d60-818f-54577ab8b3e9
PaymentSubmitted,2021-02-28T12:35:43Z,00fb3eff-e2e7-4e3c-92f8-a26db34302f1,,,,,,2021-02-28T12:35:43Z,3249d793-dd2e-4862-932e-1d4e965e9422
PaymentSubmitted,2021-03-01T13:47:29Z,f90c61cc-9b25-409f-976b-8436cb2ac637,,,,,,2021-03-01T13:47:29Z,6f5f51c5-dff8-4106-909f-00b5fcc4b78f
PaymentSubmitted,2021-03-03T10:10:24Z,ff8455c0-ae6a-41f7-853e-5d4f1ae80717,,,,,,2021-03-03T10:10:24Z,4bc464fc-8ac1-4fee-9795-ec6e4b9ad0ae
PaymentSubmitted,2021-03-03T14:51:54Z,ac036be3-c201-412e-902e-d7fcdfd68dba,,,,,,2021-03-03T14:51:54Z,1f133ebf-1c5f-47d2-b404-b3d203d9ef12
PaymentSubmitted,2021-03-07T11:36:40Z,e12438f6-7b84-48a6-9cbf-ef264cd96458,,,,,,2021-03-07T11:36:40Z,1b645f79-c015-432d-ba1c-8f148edfb5be
PaymentSubmitted,2021-03-08T11:47:12Z,8937f8b7-d2a0-4efd-a87f-6e37202f8ea0,,,,,,2021-03-08T11:47:12Z,6e5c336c-ee0f-4935-befe-ab482d399990
PaymentSubmitted,2021-03-23T18:22:20Z,90c1f14c-31a1-4919-8849-353bac560d9e,,,,,,2021-03-23T18:22:20Z,0c055bd8-7978-4a18-af7c-3f3551c9063d
PaymentSubmitted,2021-03-25T11:16:47Z,9d1f9a38-db12-4815-8282-9acce5f3897a,,,,,,2021-03-25T11:16:47Z,ff0ce60e-c188-4b22-af8a-2b51f62e5c29
PaymentSubmitted,2021-03-27T13:32:23Z,53287738-3436-4424-83f8-433cdbb7b26e,,,,,,2021-03-27T13:32:23Z,1f120930-b4b3-4256-9268-5bad52e62da1
PaymentSubmitted,2021-03-28T14:00:34Z,ba9e4128-1b55-4305-ab82-4f6373eca98a,,,,,,2021-03-28T14:00:34Z,91baa6b8-322f-4992-a392-f78cf65a05fc
PaymentSubmitted,2021-04-05T13:35:40Z,416546e3-4e20-4139-b931-0b9149e96063,,,,,,2021-04-05T13:35:40Z,7f193eed-d696-4bd9-9c06-e7cd2df95396
PaymentSubmitted,2021-04-05T13:40:50Z,e6114527-3e8a-4f1f-849a-49c9eb14483c,,,,,,2021-04-05T13:40:50Z,f82953a1-3fc4-4063-a970-ebd88432f592
PaymentSubmitted,2021-04-06T11:37:31Z,98888eb6-6d36-4bd8-abbc-75aeb59729be,,,,,,2021-04-06T11:37:31Z,17bc59ac-1a79-4954-aaad-88330081117a
PaymentSubmitted,2021-04-06T16:23:45Z,1743ddd2-28b6-476d-b9d2-368db524d019,,,,,,2021-04-06T16:23:45Z,22a1d642-a86a-41a0-8caf-b91c4daa3fab
PaymentSubmitted,2021-04-10T12:22:59Z,d3cd7351-1629-4bce-bbca-d4320341c83b,,,,,,2021-04-10T12:22:59Z,d1a91adb-9f90-4e07-a8dd-f2755916653f
PaymentSubmitted,2021-04-10T14:03:20Z,343f7487-865f-4195-b0b5-c2175706a6f5,,,,,,2021-04-10T14:03:20Z,301bf734-1921-41ed-8459-1e7057f5a18f
PaymentSubmitted,2021-04-13T16:58:03Z,5f3f3b35-1bf6-4342-a1f9-26f40eabd6fa,,,,,,2021-04-13T16:58:03Z,5734c4a8-8dec-41cf-91ef-f309fe747b0a
PaymentSubmitted,2021-04-15T16:22:03Z,5df89520-426b-476d-8b76-b5790e4c6141,,,,,,2021-04-15T16:22:03Z,2bca320b-a473-4906-a495-14b87dd6d96d
PaymentSubmitted,2021-04-16T11:11:21Z,72678591-e48e-4bbf-89b5-1e00a78b758c,,,,,,2021-04-16T11:11:21Z,0b9f9f93-0fe1-41ed-a942-cf09d4b4af74
PaymentSubmitted,2021-04-21T12:55:15Z,8cf54e13-12dc-416f-a267-263640e14d71,,,,,,2021-04-21T12:55:15Z,42eea867-ab84-43ef-b590-428cbfd6b6fe
PaymentSubmitted,2021-04-21T17:24:10Z,70b80e57-81f9-41fa-a022-dea0342309fe,,,,,,2021-04-21T17:24:10Z,30f4fee4-ad84-4f46-923a-5719e803df8b
PaymentSubmitted,2021-05-02T12:50:06Z,592a0d1d-fe80-4e18-b396-21cbae16ee69,,,,,,2021-05-02T12:50:06Z,1e2bd9f2-d91b-413a-bb3f-05f8dca29498
PaymentSubmitted,2021-05-12T15:13:56Z,4fe966f4-b90f-4690-b014-6a29b65f74f5,,,,,,2021-05-12T15:13:56Z,db8149d2-11b1-4187-8199-2782279ecfe4
PaymentSubmitted,2021-05-20T13:14:26Z,d430d636-4c33-4de3-b070-6da88a1696b2,,,,,,2021-05-20T13:14:26Z,eefa4792-2540-4c24-a2f1-54e75ce08353
PaymentSubmitted,2021-05-20T17:56:35Z,54797d5e-edb6-429a-bd1a-c483ff983f02,,,,,,2021-05-20T17:56:35Z,f69162c7-f5eb-49ef-a44d-322cb62fe56f
PaymentSubmitted,2021-05-23T09:34:48Z,5a4f0af4-e148-43a0-b56d-bc51cd5ec673,,,,,,2021-05-23T09:34:48Z,44a86e32-2f63-4fc8-b572-39e6e409ae05
PaymentSubmitted,2021-05-25T14:30:34Z,bcbf6990-65c9-4d36-a29f-fe83d6134a36,,,,,,2021-05-25T14:30:34Z,2c82d6d7-5ffb-4a3d-a602-ae29a71d216c
PaymentSubmitted,2021-06-09T12:15:18Z,8f3b6dfe-031d-4129-98c9-dfba25dfd96c,,,,,,2021-06-09T12:15:18Z,c3e41a21-4ffc-4ed1-a7a9-e82590278588
PaymentSubmitted,2021-06-10T13:28:36Z,cc076437-2030-4939-95b0-825fe56ac0d3,,,,,,2021-06-10T13:28:36Z,81a832a6-b773-47d0-8a01-5905cf94f08b
PaymentSubmitted,2021-06-12T11:52:19Z,b172e420-d475-40fd-a31f-a2467e76d40f,,,,,,2021-06-12T11:52:19Z,7ec032e4-6ef0-4a05-8ea6-7afeaae3ad7c
PaymentSubmitted,2021-06-19T15:03:02Z,355421a9-a5f7-4c0d-8aca-ca4ad576e8b8,,,,,,2021-06-19T15:03:02Z,0b61c825-19d2-4b8d-b9d7-27d0c3a7774f
PaymentSubmitted,2021-06-24T09:56:56Z,2bde94db-c5b5-4c96-95b4-178462252026,,,,,,2021-06-24T09:56:56Z,ce7fa7ed-b95e-44d4-9841-80f744900013
PaymentSubmitted,2021-06-24T14:17:40Z,28ac3bb2-9449-40eb-b551-2b6cc2c2462d,,,,,,2021-06-24T14:17:40Z,549174a5-113e-4f4b-aba1-284f4fcf4b20
PaymentSubmitted,2021-06-30T11:58:01Z,5c28a307-b216-49ed-93a8-9883bfc3f6d2,,,,,,2021-06-30T11:58:01Z,c4e2c5e0-6c72-41a5-b0aa-8d293154c5f7
PaymentSubmitted,2021-07-19T14:38:48Z,6aa352f9-e1a5-4b50-9ad4-a4a92323c638,,,,,,2021-07-19T14:38:48Z,06393fd5-c607-43f1-847c-f0ab9322b5fa
PaymentSubmitted,2021-07-20T11:01:41Z,7c9d4def-87d1-4986-aaa3-6ff57aeab88d,,,,,,2021-07-20T11:01:41Z,19226323-164b-4cae-b5b0-e169ac33560d
PaymentSubmitted,2021-07-21T12:00:38Z,dfcd6774-c8dd-4e62-a96b-f7aa26139ab1,,,,,,2021-07-21T12:00:38Z,9a12a4ac-8ac5-439b-8930-1863361b0749
PaymentSubmitted,2021-08-10T12:09:14Z,2a088eea-8a2e-4b4c-9439-9921bc4fa7d4,,,,,,2021-08-10T12:09:14Z,9300a0ef-376e-4860-aa37-08cdc72611e5
PaymentSubmitted,2021-08-13T12:46:11Z,dee85e9e-75e5-49f9-b0bf-172ae71e7a44,,,,,,2021-08-13T12:46:11Z,473ca53a-a20b-4ecf-8997-7f63c0427406
PaymentSubmitted,2021-08-16T15:37:30Z,0ed7f916-a8c4-4bc2-b0d0-c98321abad89,,,,,,2021-08-16T15:37:30Z,7b3606f3-ecdb-4b96-92f1-60c44f42030b
PaymentSubmitted,2021-08-17T12:23:33Z,f1917f6f-0361-455f-b133-544d5f28a6ae,,,,,,2021-08-17T12:23:33Z,a7064c9c-562e-455e-b643-8c4b7ae4dd7f
PaymentSubmitted,2021-08-17T16:21:57Z,f3b7f2a1-aedf-44bb-a161-f1bc7db4b0b0,,,,,,2021-08-17T16:21:57Z,d3d63c8d-1b08-4242-b599-7b040ba5f8f5
PaymentSubmitted,2021-08-20T12:08:35Z,34ee553e-0835-49d4-ba1c-ded60810fbc7,,,,,,2021-08-20T12:08:35Z,d0ed6413-eb41-4618-a932-350f763296cf
PaymentSubmitted,2021-08-20T14:13:42Z,25258a0a-ce13-4e47-b7db-76694880f811,,,,,,2021-08-20T14:13:42Z,41bec967-a951-47b4-8781-903b56fac945
PaymentSubmitted,2021-08-22T16:10:54Z,0d89bef2-e0a2-402d-a7ce-296523aa87f0,,,,,,2021-08-22T16:10:54Z,df89cd08-d2cd-432a-9b78-b0542aeb86fb
PaymentSubmitted,2021-08-26T14:51:50Z,c24e7bba-1524-4c75-bbdb-c579524ac656,,,,,,2021-08-26T14:51:50Z,52a9145b-42ee-4dd1-93db-39ba3cee6a61
PaymentSubmitted,2021-08-27T15:45:27Z,0091ecbe-e58b-4763-9e19-c9c207215348,,,,,,2021-08-27T15:45:27Z,f9894369-aa8b-4f9c-a16b-f0868d2c0d83
PaymentSubmitted,2021-09-02T11:38:12Z,ad40bddf-8dfa-4d4b-b7ef-7419860b4e38,,,,,,2021-09-02T11:38:12Z,46aa7f92-7f32-4737-86e0-55d45c3ac37c
PaymentSubmitted,2021-09-03T10:33:50Z,0ff4e90a-ace6-41c4-8195-e8d0ffec6a8b,,,,,,2021-09-03T10:33:50Z,08936b28-a17e-429a-ac96-8d8cf4281fda
PaymentSubmitted,2021-09-03T15:16:11Z,ba304ec6-78b1-41f2-9ee5-68e0f4a8a473,,,,,,2021-09-03T15:16:11Z,b3ca4de5-e250-4d28-acba-c9478a38aee7
PaymentSubmitted,2021-09-07T13:00:12Z,374660bd-ad5b-4903-81b5-2021c6c09fb1,,,,,,2021-09-07T13:00:12Z,482cdd0f-31f3-43ae-b11f-a3fa12f15a7e
PaymentSubmitted,2021-09-08T11:59:19Z,0425e07a-098d-4a3b-944b-255eb4d4f8b8,,,,,,2021-09-08T11:59:19Z,88f016e6-d577-42d5-83af-493699fd3adc
PaymentSubmitted,2021-09-08T15:15:07Z,72bceb43-8afe-48a8-a400-aa2b79b92ec8,,,,,,2021-09-08T15:15:07Z,8dae18bb-cd06-4981-8812-1aeba68c7284
PaymentSubmitted,2021-09-12T10:22:52Z,f840628f-b0e7-4cce-ab6f-52d8a786f921,,,,,,2021-09-12T10:22:52Z,a3791016-e9a4-4ac5-8dee-d9cf32c6eabb
PaymentSubmitted,2021-09-12T12:41:14Z,55b935b6-3b01-4994-9bb7-d431261c939a,,,,,,2021-09-12T12:41:14Z,0559ca6c-c5d4-4916-b7f5-a5684bfdfcf3
PaymentSubmitted,2021-09-12T14:05:49Z,80997359-a0e5-45c8-bb44-e15afc80ea28,,,,,,2021-09-12T14:05:49Z,2c75b38f-9eaf-4328-a58d-541fced57cee
PaymentSubmitted,2021-09-20T15:03:10Z,32bc3e2a-bffe-42f2-b36e-f54aa1028d22,,,,,,2021-09-20T15:03:10Z,0effc8c9-2804-4cbd-b332-846be9d7f977
PaymentSubmitted,2021-09-21T12:33:24Z,07b235e7-d003-489e-9c06-66cbc62e8e14,,,,,,2021-09-21T12:33:24Z,6371024d-a740-4c89-9cc3-d156088c0a3d
PaymentSubmitted,2021-09-21T14:02:36Z,87ce0f43-a2ed-4dad-af7e-7da3fd69369a,,,,,,2021-09-21T14:02:36Z,50bd4b05-cb16-449b-9a10-0dc99a836de3
PaymentSubmitted,2021-09-24T11:41:57Z,21525a20-23a2-45d1-8fd2-222f2aac1ad4,,,,,,2021-09-24T11:41:57Z,eedd1f52-a297-4913-a899-70c1fe916fd5
PaymentSubmitted,2021-10-07T11:13:06Z,23f32428-44c8-4543-a98f-e067560a22ba,,,,,,2021-10-07T11:13:06Z,fc669e33-9280-46c6-8c19-a41742fc5d7f
PaymentSubmitted,2021-10-07T16:08:11Z,0ff54226-f23e-4914-b7d3-51dc85c0fd2c,,,,,,2021-10-07T16:08:11Z,f3d08441-cb47-4dee-a9b2-de67cf91bf67
PaymentSubmitted,2021-10-15T12:29:32Z,5008037f-8271-4833-ad60-febac6fe6055,,,,,,2021-10-15T12:29:32Z,9c7789a7-bc88-4b1e-8ee8-224d1724fd57
PaymentSubmitted,2021-10-18T13:19:02Z,b9762d5b-6638-40df-a698-a3e7837902d0,,,,,,2021-10-18T13:19:02Z,b05efa54-6153-4b7e-aafe-1a7fb2e7fee3
PaymentSubmitted,2021-10-23T08:51:14Z,b39bbe45-4527-4555-8fe7-e55c917b9466,,,,,,2021-10-23T08:51:14Z,365924fb-54c4-4324-a2b7-23eb0d7d14de
PaymentSubmitted,2021-10-23T13:15:09Z,addf18b5-c133-4b5f-84c3-efad71e80051,,,,,,2021-10-23T13:15:09Z,9ad85b25-a3a8-4bf7-8157-0395ff9415d7
PaymentSubmitted,2021-10-23T13:32:10Z,00e0957e-0299-4d16-a9c7-1ec496830f9f,,,,,,2021-10-23T13:32:10Z,27801663-bdec-4bcb-a643-ec206356eacf
PaymentSubmitted,2021-11-12T12:36:10Z,acaaffb6-d5fa-475a-8d85-e9614a3868ae,,,,,,2021-11-12T12:36:10Z,8aa593b5-e85d-48d1-8aee-77e45063fbee
PaymentSubmitted,2021-11-14T13:11:21Z,e59176af-38f0-460f-b95b-771a831ab789,,,,,,2021-11-14T13:11:21Z,25e59906-f100-4146-a090-44c70e0e7169
PaymentSubmitted,2021-11-16T13:28:03Z,29c7f6dc-444e-4388-b008-1af324ae5bd9,,,,,,2021-11-16T13:28:03Z,12f0f4da-d1ed-40e4-9c07-8617411cf0dd
PaymentSubmitted,2021-11-18T11:57:02Z,03864f24-8349-4f99-acdc-5899c65510c3,,,,,,2021-11-18T11:57:02Z,62c744d5-de19-4cd6-8a0f-e5583746d96f
PaymentSubmitted,2021-11-18T13:25:56Z,9c7a5721-8425-4996-9361-115f4d366f1b,,,,,,2021-11-18T13:25:56Z,cee2abae-ec25-4668-914e-fa62224b343f
PaymentSubmitted,2021-11-18T17:21:41Z,790ca117-cf5a-4e1c-92c8-c96dd619137f,,,,,,2021-11-18T17:21:41Z,244ca20f-2de0-4d40-ba46-46cbb1fa0be0
PaymentSubmitted,2021-11-26T14:42:05Z,0c87ee9f-410e-40ff-8385-16fcc9ae8a4d,,,,,,2021-11-26T14:42:05Z,605c103a-8ed8-4e15-ae17-98d91229c45b
PaymentSubmitted,2021-11-27T12:43:46Z,a0c13bec-31a2-47b6-b8b5-db23a957d4e8,,,,,,2021-11-27T12:43:46Z,c99aa238-f8c3-451b-9532-ea5626a078d8
PaymentSubmitted,2021-11-28T10:52:12Z,1e8aa9e8-b2a6-4691-814d-e40f9a65306f,,,,,,2021-11-28T10:52:12Z,212054cd-d17c-4bbf-9a3a-58164a3b426c
PaymentSubmitted,2021-11-30T13:58:17Z,9a04e9cb-ebab-4a57-b943-944d9f5b9189,,,,,,2021-11-30T13:58:17Z,768d2fc3-61a3-4a6a-8d5b-b4cbd292fd07
